Using cpu device
---------------------------------
| rollout/           |          |
|    ep_len_mean     | 40.1     |
|    ep_rew_mean     | -20.9    |
| time/              |          |
|    fps             | 1337     |
|    iterations      | 1        |
|    time_elapsed    | 6        |
|    total_timesteps | 8192     |
---------------------------------
-----------------------------------------
| rollout/                |             |
|    ep_len_mean          | 65.2        |
|    ep_rew_mean          | -20.6       |
| time/                   |             |
|    fps                  | 565         |
|    iterations           | 2           |
|    time_elapsed         | 28          |
|    total_timesteps      | 16384       |
| train/                  |             |
|    approx_kl            | 0.011939822 |
|    clip_fraction        | 0.17        |
|    clip_range           | 0.2         |
|    entropy_loss         | -1.6        |
|    explained_variance   | -0.0357     |
|    learning_rate        | 0.0003      |
|    loss                 | 0.124       |
|    n_updates            | 10          |
|    policy_gradient_loss | -0.0104     |
|    value_loss           | 0.176       |
-----------------------------------------
-----------------------------------------
| rollout/                |             |
|    ep_len_mean          | 76.7        |
|    ep_rew_mean          | -19.6       |
| time/                   |             |
|    fps                  | 443         |
|    iterations           | 3           |
|    time_elapsed         | 55          |
|    total_timesteps      | 24576       |
| train/                  |             |
|    approx_kl            | 0.016647551 |
|    clip_fraction        | 0.256       |
|    clip_range           | 0.2         |
|    entropy_loss         | -1.55       |
|    explained_variance   | 0.205       |
|    learning_rate        | 0.0003      |
|    loss                 | 0.00655     |
|    n_updates            | 20          |
|    policy_gradient_loss | -0.0233     |
|    value_loss           | 0.0424      |
-----------------------------------------
-----------------------------------------
| rollout/                |             |
|    ep_len_mean          | 73.4        |
|    ep_rew_mean          | -20.9       |
| time/                   |             |
|    fps                  | 383         |
|    iterations           | 4           |
|    time_elapsed         | 85          |
|    total_timesteps      | 32768       |
| train/                  |             |
|    approx_kl            | 0.016565131 |
|    clip_fraction        | 0.242       |
|    clip_range           | 0.2         |
|    entropy_loss         | -1.49       |
|    explained_variance   | 0.0771      |
|    learning_rate        | 0.0003      |
|    loss                 | -0.0103     |
|    n_updates            | 30          |
|    policy_gradient_loss | -0.0191     |
|    value_loss           | 0.0413      |
-----------------------------------------
-----------------------------------------
| rollout/                |             |
|    ep_len_mean          | 61.2        |
|    ep_rew_mean          | -16.5       |
| time/                   |             |
|    fps                  | 362         |
|    iterations           | 5           |
|    time_elapsed         | 113         |
|    total_timesteps      | 40960       |
| train/                  |             |
|    approx_kl            | 0.014521968 |
|    clip_fraction        | 0.19        |
|    clip_range           | 0.2         |
|    entropy_loss         | -1.41       |
|    explained_variance   | 0.028       |
|    learning_rate        | 0.0003      |
|    loss                 | -0.0138     |
|    n_updates            | 40          |
|    policy_gradient_loss | -0.0149     |
|    value_loss           | 0.0307      |
-----------------------------------------
-----------------------------------------
| rollout/                |             |
|    ep_len_mean          | 66.8        |
|    ep_rew_mean          | -13.6       |
| time/                   |             |
|    fps                  | 362         |
|    iterations           | 6           |
|    time_elapsed         | 135         |
|    total_timesteps      | 49152       |
| train/                  |             |
|    approx_kl            | 0.013370421 |
|    clip_fraction        | 0.13        |
|    clip_range           | 0.2         |
|    entropy_loss         | -1.34       |
|    explained_variance   | 0.253       |
|    learning_rate        | 0.0003      |
|    loss                 | 0.00246     |
|    n_updates            | 50          |
|    policy_gradient_loss | -0.0082     |
|    value_loss           | 0.0447      |
-----------------------------------------
-----------------------------------------
| rollout/                |             |
|    ep_len_mean          | 61.1        |
|    ep_rew_mean          | -10.7       |
| time/                   |             |
|    fps                  | 355         |
|    iterations           | 7           |
|    time_elapsed         | 161         |
|    total_timesteps      | 57344       |
| train/                  |             |
|    approx_kl            | 0.012462173 |
|    clip_fraction        | 0.145       |
|    clip_range           | 0.2         |
|    entropy_loss         | -1.22       |
|    explained_variance   | 0.658       |
|    learning_rate        | 0.0003      |
|    loss                 | -0.0038     |
|    n_updates            | 60          |
|    policy_gradient_loss | -0.00744    |
|    value_loss           | 0.0251      |
-----------------------------------------
-----------------------------------------
| rollout/                |             |
|    ep_len_mean          | 55.9        |
|    ep_rew_mean          | -9.04       |
| time/                   |             |
|    fps                  | 353         |
|    iterations           | 8           |
|    time_elapsed         | 185         |
|    total_timesteps      | 65536       |
| train/                  |             |
|    approx_kl            | 0.011548089 |
|    clip_fraction        | 0.122       |
|    clip_range           | 0.2         |
|    entropy_loss         | -1.15       |
|    explained_variance   | 0.807       |
|    learning_rate        | 0.0003      |
|    loss                 | -0.00749    |
|    n_updates            | 70          |
|    policy_gradient_loss | -0.00569    |
|    value_loss           | 0.0205      |
-----------------------------------------
------------------------------------------
| rollout/                |              |
|    ep_len_mean          | 42           |
|    ep_rew_mean          | -4.08        |
| time/                   |              |
|    fps                  | 350          |
|    iterations           | 9            |
|    time_elapsed         | 210          |
|    total_timesteps      | 73728        |
| train/                  |              |
|    approx_kl            | 0.0075465515 |
|    clip_fraction        | 0.0652       |
|    clip_range           | 0.2          |
|    entropy_loss         | -1.12        |
|    explained_variance   | 0.876        |
|    learning_rate        | 0.0003       |
|    loss                 | -0.0224      |
|    n_updates            | 80           |
|    policy_gradient_loss | -0.00452     |
|    value_loss           | 0.013        |
------------------------------------------
-----------------------------------------
| rollout/                |             |
|    ep_len_mean          | 48.5        |
|    ep_rew_mean          | -6.74       |
| time/                   |             |
|    fps                  | 350         |
|    iterations           | 10          |
|    time_elapsed         | 233         |
|    total_timesteps      | 81920       |
| train/                  |             |
|    approx_kl            | 0.008009929 |
|    clip_fraction        | 0.0579      |
|    clip_range           | 0.2         |
|    entropy_loss         | -1.03       |
|    explained_variance   | 0.853       |
|    learning_rate        | 0.0003      |
|    loss                 | 0.00126     |
|    n_updates            | 90          |
|    policy_gradient_loss | -0.00512    |
|    value_loss           | 0.0065      |
-----------------------------------------
-----------------------------------------
| rollout/                |             |
|    ep_len_mean          | 57.7        |
|    ep_rew_mean          | -7.56       |
| time/                   |             |
|    fps                  | 348         |
|    iterations           | 11          |
|    time_elapsed         | 258         |
|    total_timesteps      | 90112       |
| train/                  |             |
|    approx_kl            | 0.007967801 |
|    clip_fraction        | 0.0495      |
|    clip_range           | 0.2         |
|    entropy_loss         | -1.07       |
|    explained_variance   | 0.796       |
|    learning_rate        | 0.0003      |
|    loss                 | 0.015       |
|    n_updates            | 100         |
|    policy_gradient_loss | -0.00297    |
|    value_loss           | 0.0174      |
-----------------------------------------
------------------------------------------
| rollout/                |              |
|    ep_len_mean          | 59.5         |
|    ep_rew_mean          | -6.23        |
| time/                   |              |
|    fps                  | 349          |
|    iterations           | 12           |
|    time_elapsed         | 281          |
|    total_timesteps      | 98304        |
| train/                  |              |
|    approx_kl            | 0.0064949775 |
|    clip_fraction        | 0.0507       |
|    clip_range           | 0.2          |
|    entropy_loss         | -1.03        |
|    explained_variance   | 0.889        |
|    learning_rate        | 0.0003       |
|    loss                 | -0.0238      |
|    n_updates            | 110          |
|    policy_gradient_loss | -0.00311     |
|    value_loss           | 0.0115       |
------------------------------------------
----------------------------------------
| rollout/                |            |
|    ep_len_mean          | 62.7       |
|    ep_rew_mean          | -6.22      |
| time/                   |            |
|    fps                  | 343        |
|    iterations           | 13         |
|    time_elapsed         | 309        |
|    total_timesteps      | 106496     |
| train/                  |            |
|    approx_kl            | 0.00590179 |
|    clip_fraction        | 0.0396     |
|    clip_range           | 0.2        |
|    entropy_loss         | -1.02      |
|    explained_variance   | 0.878      |
|    learning_rate        | 0.0003     |
|    loss                 | 0.0147     |
|    n_updates            | 120        |
|    policy_gradient_loss | -0.00234   |
|    value_loss           | 0.011      |
----------------------------------------
------------------------------------------
| rollout/                |              |
|    ep_len_mean          | 54.5         |
|    ep_rew_mean          | -9.27        |
| time/                   |              |
|    fps                  | 339          |
|    iterations           | 14           |
|    time_elapsed         | 337          |
|    total_timesteps      | 114688       |
| train/                  |              |
|    approx_kl            | 0.0036009152 |
|    clip_fraction        | 0.036        |
|    clip_range           | 0.2          |
|    entropy_loss         | -0.965       |
|    explained_variance   | 0.892        |
|    learning_rate        | 0.0003       |
|    loss                 | -0.0138      |
|    n_updates            | 130          |
|    policy_gradient_loss | -0.00262     |
|    value_loss           | 0.00845      |
------------------------------------------
------------------------------------------
| rollout/                |              |
|    ep_len_mean          | 54.3         |
|    ep_rew_mean          | -8.07        |
| time/                   |              |
|    fps                  | 337          |
|    iterations           | 15           |
|    time_elapsed         | 363          |
|    total_timesteps      | 122880       |
| train/                  |              |
|    approx_kl            | 0.0070939623 |
|    clip_fraction        | 0.0398       |
|    clip_range           | 0.2          |
|    entropy_loss         | -1.04        |
|    explained_variance   | 0.885        |
|    learning_rate        | 0.0003       |
|    loss                 | 0.0164       |
|    n_updates            | 140          |
|    policy_gradient_loss | -0.00178     |
|    value_loss           | 0.021        |
------------------------------------------
----------------------------------------
| rollout/                |            |
|    ep_len_mean          | 60         |
|    ep_rew_mean          | -7.09      |
| time/                   |            |
|    fps                  | 328        |
|    iterations           | 16         |
|    time_elapsed         | 399        |
|    total_timesteps      | 131072     |
| train/                  |            |
|    approx_kl            | 0.01074376 |
|    clip_fraction        | 0.0896     |
|    clip_range           | 0.2        |
|    entropy_loss         | -0.96      |
|    explained_variance   | 0.919      |
|    learning_rate        | 0.0003     |
|    loss                 | -0.00491   |
|    n_updates            | 150        |
|    policy_gradient_loss | -0.00226   |
|    value_loss           | 0.0184     |
----------------------------------------
------------------------------------------
| rollout/                |              |
|    ep_len_mean          | 48.3         |
|    ep_rew_mean          | -9.86        |
| time/                   |              |
|    fps                  | 329          |
|    iterations           | 17           |
|    time_elapsed         | 422          |
|    total_timesteps      | 139264       |
| train/                  |              |
|    approx_kl            | 0.0045137927 |
|    clip_fraction        | 0.0317       |
|    clip_range           | 0.2          |
|    entropy_loss         | -0.914       |
|    explained_variance   | 0.879        |
|    learning_rate        | 0.0003       |
|    loss                 | 0.0162       |
|    n_updates            | 160          |
|    policy_gradient_loss | -0.000666    |
|    value_loss           | 0.0166       |
------------------------------------------
-----------------------------------------
| rollout/                |             |
|    ep_len_mean          | 51.2        |
|    ep_rew_mean          | -4.98       |
| time/                   |             |
|    fps                  | 331         |
|    iterations           | 18          |
|    time_elapsed         | 445         |
|    total_timesteps      | 147456      |
| train/                  |             |
|    approx_kl            | 0.036211185 |
|    clip_fraction        | 0.0933      |
|    clip_range           | 0.2         |
|    entropy_loss         | -0.952      |
|    explained_variance   | 0.858       |
|    learning_rate        | 0.0003      |
|    loss                 | -0.0304     |
|    n_updates            | 170         |
|    policy_gradient_loss | 0.00716     |
|    value_loss           | 0.0348      |
-----------------------------------------
-----------------------------------------
| rollout/                |             |
|    ep_len_mean          | 78.4        |
|    ep_rew_mean          | -8.37       |
| time/                   |             |
|    fps                  | 327         |
|    iterations           | 19          |
|    time_elapsed         | 474         |
|    total_timesteps      | 155648      |
| train/                  |             |
|    approx_kl            | 0.005087552 |
|    clip_fraction        | 0.0507      |
|    clip_range           | 0.2         |
|    entropy_loss         | -0.839      |
|    explained_variance   | 0.918       |
|    learning_rate        | 0.0003      |
|    loss                 | -0.0158     |
|    n_updates            | 180         |
|    policy_gradient_loss | -0.00249    |
|    value_loss           | 0.0155      |
-----------------------------------------
-----------------------------------------
| rollout/                |             |
|    ep_len_mean          | 42.6        |
|    ep_rew_mean          | -3.86       |
| time/                   |             |
|    fps                  | 328         |
|    iterations           | 20          |
|    time_elapsed         | 499         |
|    total_timesteps      | 163840      |
| train/                  |             |
|    approx_kl            | 0.004141839 |
|    clip_fraction        | 0.0338      |
|    clip_range           | 0.2         |
|    entropy_loss         | -0.809      |
|    explained_variance   | 0.928       |
|    learning_rate        | 0.0003      |
|    loss                 | 0.00341     |
|    n_updates            | 190         |
|    policy_gradient_loss | 0.000123    |
|    value_loss           | 0.011       |
-----------------------------------------
------------------------------------------
| rollout/                |              |
|    ep_len_mean          | 83.7         |
|    ep_rew_mean          | -9.79        |
| time/                   |              |
|    fps                  | 328          |
|    iterations           | 21           |
|    time_elapsed         | 523          |
|    total_timesteps      | 172032       |
| train/                  |              |
|    approx_kl            | 0.0034630643 |
|    clip_fraction        | 0.0318       |
|    clip_range           | 0.2          |
|    entropy_loss         | -0.778       |
|    explained_variance   | 0.911        |
|    learning_rate        | 0.0003       |
|    loss                 | 0.0135       |
|    n_updates            | 200          |
|    policy_gradient_loss | -0.000349    |
|    value_loss           | 0.0141       |
------------------------------------------
------------------------------------------
| rollout/                |              |
|    ep_len_mean          | 42.6         |
|    ep_rew_mean          | -4.75        |
| time/                   |              |
|    fps                  | 330          |
|    iterations           | 22           |
|    time_elapsed         | 545          |
|    total_timesteps      | 180224       |
| train/                  |              |
|    approx_kl            | 0.0050917864 |
|    clip_fraction        | 0.0459       |
|    clip_range           | 0.2          |
|    entropy_loss         | -0.802       |
|    explained_variance   | 0.921        |
|    learning_rate        | 0.0003       |
|    loss                 | -0.00112     |
|    n_updates            | 210          |
|    policy_gradient_loss | -0.00193     |
|    value_loss           | 0.0121       |
------------------------------------------
-----------------------------------------
| rollout/                |             |
|    ep_len_mean          | 39.5        |
|    ep_rew_mean          | -3.95       |
| time/                   |             |
|    fps                  | 331         |
|    iterations           | 23          |
|    time_elapsed         | 567         |
|    total_timesteps      | 188416      |
| train/                  |             |
|    approx_kl            | 0.003925049 |
|    clip_fraction        | 0.0395      |
|    clip_range           | 0.2         |
|    entropy_loss         | -0.795      |
|    explained_variance   | 0.885       |
|    learning_rate        | 0.0003      |
|    loss                 | -0.0149     |
|    n_updates            | 220         |
|    policy_gradient_loss | -0.000889   |
|    value_loss           | 0.0153      |
-----------------------------------------
------------------------------------------
| rollout/                |              |
|    ep_len_mean          | 51.1         |
|    ep_rew_mean          | -5.52        |
| time/                   |              |
|    fps                  | 330          |
|    iterations           | 24           |
|    time_elapsed         | 595          |
|    total_timesteps      | 196608       |
| train/                  |              |
|    approx_kl            | 0.0040248153 |
|    clip_fraction        | 0.0428       |
|    clip_range           | 0.2          |
|    entropy_loss         | -0.813       |
|    explained_variance   | 0.894        |
|    learning_rate        | 0.0003       |
|    loss                 | -0.0156      |
|    n_updates            | 230          |
|    policy_gradient_loss | -0.000723    |
|    value_loss           | 0.0201       |
------------------------------------------
-----------------------------------------
| rollout/                |             |
|    ep_len_mean          | 39.2        |
|    ep_rew_mean          | -5.13       |
| time/                   |             |
|    fps                  | 331         |
|    iterations           | 25          |
|    time_elapsed         | 618         |
|    total_timesteps      | 204800      |
| train/                  |             |
|    approx_kl            | 0.002365246 |
|    clip_fraction        | 0.0319      |
|    clip_range           | 0.2         |
|    entropy_loss         | -0.864      |
|    explained_variance   | 0.884       |
|    learning_rate        | 0.0003      |
|    loss                 | 0.025       |
|    n_updates            | 240         |
|    policy_gradient_loss | 0.00135     |
|    value_loss           | 0.018       |
-----------------------------------------
-----------------------------------------
| rollout/                |             |
|    ep_len_mean          | 52.2        |
|    ep_rew_mean          | -6.23       |
| time/                   |             |
|    fps                  | 331         |
|    iterations           | 26          |
|    time_elapsed         | 642         |
|    total_timesteps      | 212992      |
| train/                  |             |
|    approx_kl            | 0.006415193 |
|    clip_fraction        | 0.0562      |
|    clip_range           | 0.2         |
|    entropy_loss         | -0.877      |
|    explained_variance   | 0.926       |
|    learning_rate        | 0.0003      |
|    loss                 | 0.106       |
|    n_updates            | 250         |
|    policy_gradient_loss | 0.00298     |
|    value_loss           | 0.0131      |
-----------------------------------------
------------------------------------------
| rollout/                |              |
|    ep_len_mean          | 48.9         |
|    ep_rew_mean          | -4.98        |
| time/                   |              |
|    fps                  | 330          |
|    iterations           | 27           |
|    time_elapsed         | 669          |
|    total_timesteps      | 221184       |
| train/                  |              |
|    approx_kl            | 0.0064613125 |
|    clip_fraction        | 0.0723       |
|    clip_range           | 0.2          |
|    entropy_loss         | -0.918       |
|    explained_variance   | 0.868        |
|    learning_rate        | 0.0003       |
|    loss                 | -0.00928     |
|    n_updates            | 260          |
|    policy_gradient_loss | -0.000934    |
|    value_loss           | 0.0218       |
------------------------------------------
------------------------------------------
| rollout/                |              |
|    ep_len_mean          | 45.4         |
|    ep_rew_mean          | -6.03        |
| time/                   |              |
|    fps                  | 330          |
|    iterations           | 28           |
|    time_elapsed         | 693          |
|    total_timesteps      | 229376       |
| train/                  |              |
|    approx_kl            | 0.0031012339 |
|    clip_fraction        | 0.0345       |
|    clip_range           | 0.2          |
|    entropy_loss         | -0.97        |
|    explained_variance   | 0.895        |
|    learning_rate        | 0.0003       |
|    loss                 | 0.00412      |
|    n_updates            | 270          |
|    policy_gradient_loss | 0.0012       |
|    value_loss           | 0.0182       |
------------------------------------------
-----------------------------------------
| rollout/                |             |
|    ep_len_mean          | 54.9        |
|    ep_rew_mean          | -5.92       |
| time/                   |             |
|    fps                  | 331         |
|    iterations           | 29          |
|    time_elapsed         | 716         |
|    total_timesteps      | 237568      |
| train/                  |             |
|    approx_kl            | 0.006929853 |
|    clip_fraction        | 0.0618      |
|    clip_range           | 0.2         |
|    entropy_loss         | -0.92       |
|    explained_variance   | 0.888       |
|    learning_rate        | 0.0003      |
|    loss                 | 0.00874     |
|    n_updates            | 280         |
|    policy_gradient_loss | -0.00169    |
|    value_loss           | 0.0246      |
-----------------------------------------
-----------------------------------------
| rollout/                |             |
|    ep_len_mean          | 74.9        |
|    ep_rew_mean          | -7.31       |
| time/                   |             |
|    fps                  | 331         |
|    iterations           | 30          |
|    time_elapsed         | 741         |
|    total_timesteps      | 245760      |
| train/                  |             |
|    approx_kl            | 0.004943203 |
|    clip_fraction        | 0.0446      |
|    clip_range           | 0.2         |
|    entropy_loss         | -0.903      |
|    explained_variance   | 0.898       |
|    learning_rate        | 0.0003      |
|    loss                 | 0.00475     |
|    n_updates            | 290         |
|    policy_gradient_loss | -0.000288   |
|    value_loss           | 0.0208      |
-----------------------------------------
-----------------------------------------
| rollout/                |             |
|    ep_len_mean          | 66          |
|    ep_rew_mean          | -6.89       |
| time/                   |             |
|    fps                  | 331         |
|    iterations           | 31          |
|    time_elapsed         | 767         |
|    total_timesteps      | 253952      |
| train/                  |             |
|    approx_kl            | 0.005615877 |
|    clip_fraction        | 0.0455      |
|    clip_range           | 0.2         |
|    entropy_loss         | -0.858      |
|    explained_variance   | 0.915       |
|    learning_rate        | 0.0003      |
|    loss                 | -0.00874    |
|    n_updates            | 300         |
|    policy_gradient_loss | -0.000638   |
|    value_loss           | 0.00928     |
-----------------------------------------
------------------------------------------
| rollout/                |              |
|    ep_len_mean          | 63.8         |
|    ep_rew_mean          | -5.58        |
| time/                   |              |
|    fps                  | 330          |
|    iterations           | 32           |
|    time_elapsed         | 793          |
|    total_timesteps      | 262144       |
| train/                  |              |
|    approx_kl            | 0.0060657533 |
|    clip_fraction        | 0.0374       |
|    clip_range           | 0.2          |
|    entropy_loss         | -0.876       |
|    explained_variance   | 0.926        |
|    learning_rate        | 0.0003       |
|    loss                 | 0.00181      |
|    n_updates            | 310          |
|    policy_gradient_loss | 0.000238     |
|    value_loss           | 0.0176       |
------------------------------------------
-----------------------------------------
| rollout/                |             |
|    ep_len_mean          | 44.8        |
|    ep_rew_mean          | -4.12       |
| time/                   |             |
|    fps                  | 331         |
|    iterations           | 33          |
|    time_elapsed         | 816         |
|    total_timesteps      | 270336      |
| train/                  |             |
|    approx_kl            | 0.006251052 |
|    clip_fraction        | 0.0561      |
|    clip_range           | 0.2         |
|    entropy_loss         | -0.863      |
|    explained_variance   | 0.913       |
|    learning_rate        | 0.0003      |
|    loss                 | -0.0167     |
|    n_updates            | 320         |
|    policy_gradient_loss | 0.00132     |
|    value_loss           | 0.0161      |
-----------------------------------------
-----------------------------------------
| rollout/                |             |
|    ep_len_mean          | 80.7        |
|    ep_rew_mean          | -9.19       |
| time/                   |             |
|    fps                  | 332         |
|    iterations           | 34          |
|    time_elapsed         | 838         |
|    total_timesteps      | 278528      |
| train/                  |             |
|    approx_kl            | 0.004608919 |
|    clip_fraction        | 0.0281      |
|    clip_range           | 0.2         |
|    entropy_loss         | -0.834      |
|    explained_variance   | 0.893       |
|    learning_rate        | 0.0003      |
|    loss                 | -0.0052     |
|    n_updates            | 330         |
|    policy_gradient_loss | 0.000501    |
|    value_loss           | 0.0119      |
-----------------------------------------
----------------------------------------
| rollout/                |            |
|    ep_len_mean          | 48.6       |
|    ep_rew_mean          | -5.6       |
| time/                   |            |
|    fps                  | 331        |
|    iterations           | 35         |
|    time_elapsed         | 864        |
|    total_timesteps      | 286720     |
| train/                  |            |
|    approx_kl            | 0.00848802 |
|    clip_fraction        | 0.0586     |
|    clip_range           | 0.2        |
|    entropy_loss         | -0.81      |
|    explained_variance   | 0.884      |
|    learning_rate        | 0.0003     |
|    loss                 | 0.0216     |
|    n_updates            | 340        |
|    policy_gradient_loss | -0.00267   |
|    value_loss           | 0.0172     |
----------------------------------------
-----------------------------------------
| rollout/                |             |
|    ep_len_mean          | 57.5        |
|    ep_rew_mean          | -6.72       |
| time/                   |             |
|    fps                  | 330         |
|    iterations           | 36          |
|    time_elapsed         | 891         |
|    total_timesteps      | 294912      |
| train/                  |             |
|    approx_kl            | 0.004554889 |
|    clip_fraction        | 0.0477      |
|    clip_range           | 0.2         |
|    entropy_loss         | -0.858      |
|    explained_variance   | 0.909       |
|    learning_rate        | 0.0003      |
|    loss                 | -0.0177     |
|    n_updates            | 350         |
|    policy_gradient_loss | 0.000618    |
|    value_loss           | 0.0187      |
-----------------------------------------
----------------------------------------
| rollout/                |            |
|    ep_len_mean          | 48.4       |
|    ep_rew_mean          | -5.09      |
| time/                   |            |
|    fps                  | 331        |
|    iterations           | 37         |
|    time_elapsed         | 915        |
|    total_timesteps      | 303104     |
| train/                  |            |
|    approx_kl            | 0.03122366 |
|    clip_fraction        | 0.0946     |
|    clip_range           | 0.2        |
|    entropy_loss         | -0.907     |
|    explained_variance   | 0.871      |
|    learning_rate        | 0.0003     |
|    loss                 | -0.0235    |
|    n_updates            | 360        |
|    policy_gradient_loss | 0.0192     |
|    value_loss           | 0.0193     |
----------------------------------------
-----------------------------------------
| rollout/                |             |
|    ep_len_mean          | 42.8        |
|    ep_rew_mean          | -4.68       |
| time/                   |             |
|    fps                  | 331         |
|    iterations           | 38          |
|    time_elapsed         | 937         |
|    total_timesteps      | 311296      |
| train/                  |             |
|    approx_kl            | 0.010886636 |
|    clip_fraction        | 0.0616      |
|    clip_range           | 0.2         |
|    entropy_loss         | -0.919      |
|    explained_variance   | 0.84        |
|    learning_rate        | 0.0003      |
|    loss                 | -0.0215     |
|    n_updates            | 370         |
|    policy_gradient_loss | -0.00152    |
|    value_loss           | 0.0245      |
-----------------------------------------
-----------------------------------------
| rollout/                |             |
|    ep_len_mean          | 54.6        |
|    ep_rew_mean          | -6.55       |
| time/                   |             |
|    fps                  | 332         |
|    iterations           | 39          |
|    time_elapsed         | 962         |
|    total_timesteps      | 319488      |
| train/                  |             |
|    approx_kl            | 0.002943362 |
|    clip_fraction        | 0.0366      |
|    clip_range           | 0.2         |
|    entropy_loss         | -0.855      |
|    explained_variance   | 0.882       |
|    learning_rate        | 0.0003      |
|    loss                 | -0.00279    |
|    n_updates            | 380         |
|    policy_gradient_loss | 0.000367    |
|    value_loss           | 0.0183      |
-----------------------------------------
-----------------------------------------
| rollout/                |             |
|    ep_len_mean          | 64.4        |
|    ep_rew_mean          | -8.05       |
| time/                   |             |
|    fps                  | 332         |
|    iterations           | 40          |
|    time_elapsed         | 985         |
|    total_timesteps      | 327680      |
| train/                  |             |
|    approx_kl            | 0.004472929 |
|    clip_fraction        | 0.0439      |
|    clip_range           | 0.2         |
|    entropy_loss         | -0.86       |
|    explained_variance   | 0.818       |
|    learning_rate        | 0.0003      |
|    loss                 | 0.0162      |
|    n_updates            | 390         |
|    policy_gradient_loss | -4.87e-05   |
|    value_loss           | 0.0189      |
-----------------------------------------
-----------------------------------------
| rollout/                |             |
|    ep_len_mean          | 51.2        |
|    ep_rew_mean          | -5.68       |
| time/                   |             |
|    fps                  | 333         |
|    iterations           | 41          |
|    time_elapsed         | 1006        |
|    total_timesteps      | 335872      |
| train/                  |             |
|    approx_kl            | 0.005787721 |
|    clip_fraction        | 0.0413      |
|    clip_range           | 0.2         |
|    entropy_loss         | -0.875      |
|    explained_variance   | 0.85        |
|    learning_rate        | 0.0003      |
|    loss                 | 0.0302      |
|    n_updates            | 400         |
|    policy_gradient_loss | -0.000349   |
|    value_loss           | 0.0183      |
-----------------------------------------
-----------------------------------------
| rollout/                |             |
|    ep_len_mean          | 47.8        |
|    ep_rew_mean          | -4.55       |
| time/                   |             |
|    fps                  | 334         |
|    iterations           | 42          |
|    time_elapsed         | 1027        |
|    total_timesteps      | 344064      |
| train/                  |             |
|    approx_kl            | 0.009077873 |
|    clip_fraction        | 0.0504      |
|    clip_range           | 0.2         |
|    entropy_loss         | -0.906      |
|    explained_variance   | 0.914       |
|    learning_rate        | 0.0003      |
|    loss                 | -0.0208     |
|    n_updates            | 410         |
|    policy_gradient_loss | 0.000548    |
|    value_loss           | 0.0152      |
-----------------------------------------
-----------------------------------------
| rollout/                |             |
|    ep_len_mean          | 63.1        |
|    ep_rew_mean          | -7.77       |
| time/                   |             |
|    fps                  | 336         |
|    iterations           | 43          |
|    time_elapsed         | 1046        |
|    total_timesteps      | 352256      |
| train/                  |             |
|    approx_kl            | 0.005161143 |
|    clip_fraction        | 0.0449      |
|    clip_range           | 0.2         |
|    entropy_loss         | -0.896      |
|    explained_variance   | 0.892       |
|    learning_rate        | 0.0003      |
|    loss                 | -0.0142     |
|    n_updates            | 420         |
|    policy_gradient_loss | -0.000286   |
|    value_loss           | 0.0113      |
-----------------------------------------
-----------------------------------------
| rollout/                |             |
|    ep_len_mean          | 36.5        |
|    ep_rew_mean          | -2.9        |
| time/                   |             |
|    fps                  | 337         |
|    iterations           | 44          |
|    time_elapsed         | 1066        |
|    total_timesteps      | 360448      |
| train/                  |             |
|    approx_kl            | 0.004918253 |
|    clip_fraction        | 0.0313      |
|    clip_range           | 0.2         |
|    entropy_loss         | -0.937      |
|    explained_variance   | 0.878       |
|    learning_rate        | 0.0003      |
|    loss                 | -0.00766    |
|    n_updates            | 430         |
|    policy_gradient_loss | -8.15e-05   |
|    value_loss           | 0.0165      |
-----------------------------------------
------------------------------------------
| rollout/                |              |
|    ep_len_mean          | 54.3         |
|    ep_rew_mean          | -5.64        |
| time/                   |              |
|    fps                  | 339          |
|    iterations           | 45           |
|    time_elapsed         | 1085         |
|    total_timesteps      | 368640       |
| train/                  |              |
|    approx_kl            | 0.0053708963 |
|    clip_fraction        | 0.0373       |
|    clip_range           | 0.2          |
|    entropy_loss         | -0.874       |
|    explained_variance   | 0.884        |
|    learning_rate        | 0.0003       |
|    loss                 | 0.00357      |
|    n_updates            | 440          |
|    policy_gradient_loss | 0.000123     |
|    value_loss           | 0.0144       |
------------------------------------------
-----------------------------------------
| rollout/                |             |
|    ep_len_mean          | 51.8        |
|    ep_rew_mean          | -5.02       |
| time/                   |             |
|    fps                  | 340         |
|    iterations           | 46          |
|    time_elapsed         | 1106        |
|    total_timesteps      | 376832      |
| train/                  |             |
|    approx_kl            | 0.019054618 |
|    clip_fraction        | 0.0676      |
|    clip_range           | 0.2         |
|    entropy_loss         | -0.912      |
|    explained_variance   | 0.893       |
|    learning_rate        | 0.0003      |
|    loss                 | 0.0025      |
|    n_updates            | 450         |
|    policy_gradient_loss | 0.00835     |
|    value_loss           | 0.0202      |
-----------------------------------------
-----------------------------------------
| rollout/                |             |
|    ep_len_mean          | 57.4        |
|    ep_rew_mean          | -5.84       |
| time/                   |             |
|    fps                  | 341         |
|    iterations           | 47          |
|    time_elapsed         | 1126        |
|    total_timesteps      | 385024      |
| train/                  |             |
|    approx_kl            | 0.005654049 |
|    clip_fraction        | 0.0382      |
|    clip_range           | 0.2         |
|    entropy_loss         | -0.9        |
|    explained_variance   | 0.895       |
|    learning_rate        | 0.0003      |
|    loss                 | 0.00972     |
|    n_updates            | 460         |
|    policy_gradient_loss | 0.000821    |
|    value_loss           | 0.0198      |
-----------------------------------------
-----------------------------------------
| rollout/                |             |
|    ep_len_mean          | 54.2        |
|    ep_rew_mean          | -5.5        |
| time/                   |             |
|    fps                  | 343         |
|    iterations           | 48          |
|    time_elapsed         | 1145        |
|    total_timesteps      | 393216      |
| train/                  |             |
|    approx_kl            | 0.005774119 |
|    clip_fraction        | 0.0558      |
|    clip_range           | 0.2         |
|    entropy_loss         | -0.849      |
|    explained_variance   | 0.873       |
|    learning_rate        | 0.0003      |
|    loss                 | -0.00638    |
|    n_updates            | 470         |
|    policy_gradient_loss | -0.00119    |
|    value_loss           | 0.02        |
-----------------------------------------
------------------------------------------
| rollout/                |              |
|    ep_len_mean          | 36.3         |
|    ep_rew_mean          | -3.92        |
| time/                   |              |
|    fps                  | 344          |
|    iterations           | 49           |
|    time_elapsed         | 1165         |
|    total_timesteps      | 401408       |
| train/                  |              |
|    approx_kl            | 0.0038712646 |
|    clip_fraction        | 0.0402       |
|    clip_range           | 0.2          |
|    entropy_loss         | -0.879       |
|    explained_variance   | 0.864        |
|    learning_rate        | 0.0003       |
|    loss                 | -0.0215      |
|    n_updates            | 480          |
|    policy_gradient_loss | -8.57e-05    |
|    value_loss           | 0.0236       |
------------------------------------------
------------------------------------------
| rollout/                |              |
|    ep_len_mean          | 54.4         |
|    ep_rew_mean          | -5.16        |
| time/                   |              |
|    fps                  | 345          |
|    iterations           | 50           |
|    time_elapsed         | 1185         |
|    total_timesteps      | 409600       |
| train/                  |              |
|    approx_kl            | 0.0052086227 |
|    clip_fraction        | 0.0601       |
|    clip_range           | 0.2          |
|    entropy_loss         | -0.839       |
|    explained_variance   | 0.846        |
|    learning_rate        | 0.0003       |
|    loss                 | 0.0868       |
|    n_updates            | 490          |
|    policy_gradient_loss | -0.000314    |
|    value_loss           | 0.0229       |
------------------------------------------
------------------------------------------
| rollout/                |              |
|    ep_len_mean          | 45.3         |
|    ep_rew_mean          | -4.82        |
| time/                   |              |
|    fps                  | 346          |
|    iterations           | 51           |
|    time_elapsed         | 1205         |
|    total_timesteps      | 417792       |
| train/                  |              |
|    approx_kl            | 0.0064965403 |
|    clip_fraction        | 0.0525       |
|    clip_range           | 0.2          |
|    entropy_loss         | -0.858       |
|    explained_variance   | 0.882        |
|    learning_rate        | 0.0003       |
|    loss                 | 0.00575      |
|    n_updates            | 500          |
|    policy_gradient_loss | -0.000335    |
|    value_loss           | 0.0244       |
------------------------------------------
-----------------------------------------
| rollout/                |             |
|    ep_len_mean          | 39.6        |
|    ep_rew_mean          | -6.04       |
| time/                   |             |
|    fps                  | 347         |
|    iterations           | 52          |
|    time_elapsed         | 1227        |
|    total_timesteps      | 425984      |
| train/                  |             |
|    approx_kl            | 0.007519599 |
|    clip_fraction        | 0.0619      |
|    clip_range           | 0.2         |
|    entropy_loss         | -0.862      |
|    explained_variance   | 0.88        |
|    learning_rate        | 0.0003      |
|    loss                 | 0.0112      |
|    n_updates            | 510         |
|    policy_gradient_loss | 0.000629    |
|    value_loss           | 0.0236      |
-----------------------------------------
-----------------------------------------
| rollout/                |             |
|    ep_len_mean          | 45.4        |
|    ep_rew_mean          | -5.05       |
| time/                   |             |
|    fps                  | 348         |
|    iterations           | 53          |
|    time_elapsed         | 1247        |
|    total_timesteps      | 434176      |
| train/                  |             |
|    approx_kl            | 0.006833085 |
|    clip_fraction        | 0.0556      |
|    clip_range           | 0.2         |
|    entropy_loss         | -0.875      |
|    explained_variance   | 0.837       |
|    learning_rate        | 0.0003      |
|    loss                 | 0.0171      |
|    n_updates            | 520         |
|    policy_gradient_loss | 0.000616    |
|    value_loss           | 0.0413      |
-----------------------------------------
-----------------------------------------
| rollout/                |             |
|    ep_len_mean          | 68.8        |
|    ep_rew_mean          | -7.72       |
| time/                   |             |
|    fps                  | 349         |
|    iterations           | 54          |
|    time_elapsed         | 1267        |
|    total_timesteps      | 442368      |
| train/                  |             |
|    approx_kl            | 0.007702736 |
|    clip_fraction        | 0.0421      |
|    clip_range           | 0.2         |
|    entropy_loss         | -0.877      |
|    explained_variance   | 0.864       |
|    learning_rate        | 0.0003      |
|    loss                 | 0.0443      |
|    n_updates            | 530         |
|    policy_gradient_loss | 0.000263    |
|    value_loss           | 0.027       |
-----------------------------------------
-----------------------------------------
| rollout/                |             |
|    ep_len_mean          | 50.8        |
|    ep_rew_mean          | -4.06       |
| time/                   |             |
|    fps                  | 349         |
|    iterations           | 55          |
|    time_elapsed         | 1287        |
|    total_timesteps      | 450560      |
| train/                  |             |
|    approx_kl            | 0.003802788 |
|    clip_fraction        | 0.0466      |
|    clip_range           | 0.2         |
|    entropy_loss         | -0.845      |
|    explained_variance   | 0.904       |
|    learning_rate        | 0.0003      |
|    loss                 | 0.00676     |
|    n_updates            | 540         |
|    policy_gradient_loss | -0.00137    |
|    value_loss           | 0.0228      |
-----------------------------------------
-----------------------------------------
| rollout/                |             |
|    ep_len_mean          | 50.9        |
|    ep_rew_mean          | -4.86       |
| time/                   |             |
|    fps                  | 350         |
|    iterations           | 56          |
|    time_elapsed         | 1307        |
|    total_timesteps      | 458752      |
| train/                  |             |
|    approx_kl            | 0.004102004 |
|    clip_fraction        | 0.0345      |
|    clip_range           | 0.2         |
|    entropy_loss         | -0.815      |
|    explained_variance   | 0.9         |
|    learning_rate        | 0.0003      |
|    loss                 | 0.00337     |
|    n_updates            | 550         |
|    policy_gradient_loss | -0.000134   |
|    value_loss           | 0.0171      |
-----------------------------------------
-----------------------------------------
| rollout/                |             |
|    ep_len_mean          | 51.2        |
|    ep_rew_mean          | -3.89       |
| time/                   |             |
|    fps                  | 351         |
|    iterations           | 57          |
|    time_elapsed         | 1326        |
|    total_timesteps      | 466944      |
| train/                  |             |
|    approx_kl            | 0.005215522 |
|    clip_fraction        | 0.0334      |
|    clip_range           | 0.2         |
|    entropy_loss         | -0.802      |
|    explained_variance   | 0.857       |
|    learning_rate        | 0.0003      |
|    loss                 | -0.0194     |
|    n_updates            | 560         |
|    policy_gradient_loss | -0.00192    |
|    value_loss           | 0.0263      |
-----------------------------------------
------------------------------------------
| rollout/                |              |
|    ep_len_mean          | 27.5         |
|    ep_rew_mean          | -3.09        |
| time/                   |              |
|    fps                  | 352          |
|    iterations           | 58           |
|    time_elapsed         | 1347         |
|    total_timesteps      | 475136       |
| train/                  |              |
|    approx_kl            | 0.0042802617 |
|    clip_fraction        | 0.0436       |
|    clip_range           | 0.2          |
|    entropy_loss         | -0.807       |
|    explained_variance   | 0.858        |
|    learning_rate        | 0.0003       |
|    loss                 | 0.00119      |
|    n_updates            | 570          |
|    policy_gradient_loss | 5.5e-05      |
|    value_loss           | 0.0193       |
------------------------------------------
-----------------------------------------
| rollout/                |             |
|    ep_len_mean          | 45.3        |
|    ep_rew_mean          | -4.5        |
| time/                   |             |
|    fps                  | 353         |
|    iterations           | 59          |
|    time_elapsed         | 1368        |
|    total_timesteps      | 483328      |
| train/                  |             |
|    approx_kl            | 0.006100463 |
|    clip_fraction        | 0.0504      |
|    clip_range           | 0.2         |
|    entropy_loss         | -0.776      |
|    explained_variance   | 0.858       |
|    learning_rate        | 0.0003      |
|    loss                 | -0.00683    |
|    n_updates            | 580         |
|    policy_gradient_loss | -0.000547   |
|    value_loss           | 0.0314      |
-----------------------------------------
------------------------------------------
| rollout/                |              |
|    ep_len_mean          | 38.9         |
|    ep_rew_mean          | -2.98        |
| time/                   |              |
|    fps                  | 353          |
|    iterations           | 60           |
|    time_elapsed         | 1388         |
|    total_timesteps      | 491520       |
| train/                  |              |
|    approx_kl            | 0.0048106634 |
|    clip_fraction        | 0.0342       |
|    clip_range           | 0.2          |
|    entropy_loss         | -0.811       |
|    explained_variance   | 0.876        |
|    learning_rate        | 0.0003       |
|    loss                 | -0.00448     |
|    n_updates            | 590          |
|    policy_gradient_loss | 0.00119      |
|    value_loss           | 0.0276       |
------------------------------------------
------------------------------------------
| rollout/                |              |
|    ep_len_mean          | 36.2         |
|    ep_rew_mean          | -3.57        |
| time/                   |              |
|    fps                  | 354          |
|    iterations           | 61           |
|    time_elapsed         | 1409         |
|    total_timesteps      | 499712       |
| train/                  |              |
|    approx_kl            | 0.0048448136 |
|    clip_fraction        | 0.0365       |
|    clip_range           | 0.2          |
|    entropy_loss         | -0.816       |
|    explained_variance   | 0.835        |
|    learning_rate        | 0.0003       |
|    loss                 | 0.00353      |
|    n_updates            | 600          |
|    policy_gradient_loss | -0.000151    |
|    value_loss           | 0.0162       |
------------------------------------------
------------------------------------------
| rollout/                |              |
|    ep_len_mean          | 58           |
|    ep_rew_mean          | -7.12        |
| time/                   |              |
|    fps                  | 355          |
|    iterations           | 62           |
|    time_elapsed         | 1427         |
|    total_timesteps      | 507904       |
| train/                  |              |
|    approx_kl            | 0.0038285411 |
|    clip_fraction        | 0.0259       |
|    clip_range           | 0.2          |
|    entropy_loss         | -0.778       |
|    explained_variance   | 0.837        |
|    learning_rate        | 0.0003       |
|    loss                 | -0.0106      |
|    n_updates            | 610          |
|    policy_gradient_loss | 0.000957     |
|    value_loss           | 0.0205       |
------------------------------------------
-----------------------------------------
| rollout/                |             |
|    ep_len_mean          | 51.3        |
|    ep_rew_mean          | -5.25       |
| time/                   |             |
|    fps                  | 356         |
|    iterations           | 63          |
|    time_elapsed         | 1446        |
|    total_timesteps      | 516096      |
| train/                  |             |
|    approx_kl            | 0.003523734 |
|    clip_fraction        | 0.0259      |
|    clip_range           | 0.2         |
|    entropy_loss         | -0.833      |
|    explained_variance   | 0.826       |
|    learning_rate        | 0.0003      |
|    loss                 | 0.0089      |
|    n_updates            | 620         |
|    policy_gradient_loss | 0.00273     |
|    value_loss           | 0.0318      |
-----------------------------------------
-----------------------------------------
| rollout/                |             |
|    ep_len_mean          | 45.4        |
|    ep_rew_mean          | -3.96       |
| time/                   |             |
|    fps                  | 357         |
|    iterations           | 64          |
|    time_elapsed         | 1465        |
|    total_timesteps      | 524288      |
| train/                  |             |
|    approx_kl            | 0.025553819 |
|    clip_fraction        | 0.0509      |
|    clip_range           | 0.2         |
|    entropy_loss         | -0.877      |
|    explained_variance   | 0.822       |
|    learning_rate        | 0.0003      |
|    loss                 | -0.0218     |
|    n_updates            | 630         |
|    policy_gradient_loss | 0.0044      |
|    value_loss           | 0.0319      |
-----------------------------------------
-----------------------------------------
| rollout/                |             |
|    ep_len_mean          | 54.4        |
|    ep_rew_mean          | -5.42       |
| time/                   |             |
|    fps                  | 358         |
|    iterations           | 65          |
|    time_elapsed         | 1487        |
|    total_timesteps      | 532480      |
| train/                  |             |
|    approx_kl            | 0.008603513 |
|    clip_fraction        | 0.0528      |
|    clip_range           | 0.2         |
|    entropy_loss         | -0.802      |
|    explained_variance   | 0.783       |
|    learning_rate        | 0.0003      |
|    loss                 | -0.0164     |
|    n_updates            | 640         |
|    policy_gradient_loss | -0.000616   |
|    value_loss           | 0.0314      |
-----------------------------------------
------------------------------------------
| rollout/                |              |
|    ep_len_mean          | 51.5         |
|    ep_rew_mean          | -4.42        |
| time/                   |              |
|    fps                  | 357          |
|    iterations           | 66           |
|    time_elapsed         | 1511         |
|    total_timesteps      | 540672       |
| train/                  |              |
|    approx_kl            | 0.0049573444 |
|    clip_fraction        | 0.0472       |
|    clip_range           | 0.2          |
|    entropy_loss         | -0.878       |
|    explained_variance   | 0.89         |
|    learning_rate        | 0.0003       |
|    loss                 | -0.0217      |
|    n_updates            | 650          |
|    policy_gradient_loss | 0.00017      |
|    value_loss           | 0.0164       |
------------------------------------------
-----------------------------------------
| rollout/                |             |
|    ep_len_mean          | 45.8        |
|    ep_rew_mean          | -4.58       |
| time/                   |             |
|    fps                  | 358         |
|    iterations           | 67          |
|    time_elapsed         | 1530        |
|    total_timesteps      | 548864      |
| train/                  |             |
|    approx_kl            | 0.010944495 |
|    clip_fraction        | 0.0321      |
|    clip_range           | 0.2         |
|    entropy_loss         | -0.823      |
|    explained_variance   | 0.811       |
|    learning_rate        | 0.0003      |
|    loss                 | -0.00672    |
|    n_updates            | 660         |
|    policy_gradient_loss | 0.00155     |
|    value_loss           | 0.0207      |
-----------------------------------------
----------------------------------------
| rollout/                |            |
|    ep_len_mean          | 38.2       |
|    ep_rew_mean          | -3.6       |
| time/                   |            |
|    fps                  | 359        |
|    iterations           | 68         |
|    time_elapsed         | 1548       |
|    total_timesteps      | 557056     |
| train/                  |            |
|    approx_kl            | 0.00720192 |
|    clip_fraction        | 0.0452     |
|    clip_range           | 0.2        |
|    entropy_loss         | -0.833     |
|    explained_variance   | 0.589      |
|    learning_rate        | 0.0003     |
|    loss                 | -0.00685   |
|    n_updates            | 670        |
|    policy_gradient_loss | 0.00321    |
|    value_loss           | 0.0429     |
----------------------------------------
------------------------------------------
| rollout/                |              |
|    ep_len_mean          | 49.8         |
|    ep_rew_mean          | -5.52        |
| time/                   |              |
|    fps                  | 360          |
|    iterations           | 69           |
|    time_elapsed         | 1568         |
|    total_timesteps      | 565248       |
| train/                  |              |
|    approx_kl            | 0.0066548334 |
|    clip_fraction        | 0.0394       |
|    clip_range           | 0.2          |
|    entropy_loss         | -0.767       |
|    explained_variance   | 0.485        |
|    learning_rate        | 0.0003       |
|    loss                 | -0.0134      |
|    n_updates            | 680          |
|    policy_gradient_loss | -0.000306    |
|    value_loss           | 0.0574       |
------------------------------------------
-----------------------------------------
| rollout/                |             |
|    ep_len_mean          | 49.1        |
|    ep_rew_mean          | -4.79       |
| time/                   |             |
|    fps                  | 360         |
|    iterations           | 70          |
|    time_elapsed         | 1589        |
|    total_timesteps      | 573440      |
| train/                  |             |
|    approx_kl            | 0.006642287 |
|    clip_fraction        | 0.0572      |
|    clip_range           | 0.2         |
|    entropy_loss         | -0.853      |
|    explained_variance   | 0.67        |
|    learning_rate        | 0.0003      |
|    loss                 | -0.0253     |
|    n_updates            | 690         |
|    policy_gradient_loss | -0.00274    |
|    value_loss           | 0.0532      |
-----------------------------------------
----------------------------------------
| rollout/                |            |
|    ep_len_mean          | 39.4       |
|    ep_rew_mean          | -4.53      |
| time/                   |            |
|    fps                  | 361        |
|    iterations           | 71         |
|    time_elapsed         | 1609       |
|    total_timesteps      | 581632     |
| train/                  |            |
|    approx_kl            | 0.00589535 |
|    clip_fraction        | 0.045      |
|    clip_range           | 0.2        |
|    entropy_loss         | -0.88      |
|    explained_variance   | 0.776      |
|    learning_rate        | 0.0003     |
|    loss                 | 0.0186     |
|    n_updates            | 700        |
|    policy_gradient_loss | -0.000906  |
|    value_loss           | 0.044      |
----------------------------------------
-----------------------------------------
| rollout/                |             |
|    ep_len_mean          | 45.2        |
|    ep_rew_mean          | -4.61       |
| time/                   |             |
|    fps                  | 362         |
|    iterations           | 72          |
|    time_elapsed         | 1629        |
|    total_timesteps      | 589824      |
| train/                  |             |
|    approx_kl            | 0.008636711 |
|    clip_fraction        | 0.0532      |
|    clip_range           | 0.2         |
|    entropy_loss         | -0.85       |
|    explained_variance   | 0.704       |
|    learning_rate        | 0.0003      |
|    loss                 | -0.00641    |
|    n_updates            | 710         |
|    policy_gradient_loss | 0.000899    |
|    value_loss           | 0.047       |
-----------------------------------------
-----------------------------------------
| rollout/                |             |
|    ep_len_mean          | 51.6        |
|    ep_rew_mean          | -4.85       |
| time/                   |             |
|    fps                  | 362         |
|    iterations           | 73          |
|    time_elapsed         | 1649        |
|    total_timesteps      | 598016      |
| train/                  |             |
|    approx_kl            | 0.007110277 |
|    clip_fraction        | 0.0415      |
|    clip_range           | 0.2         |
|    entropy_loss         | -0.859      |
|    explained_variance   | 0.83        |
|    learning_rate        | 0.0003      |
|    loss                 | -0.0187     |
|    n_updates            | 720         |
|    policy_gradient_loss | -0.000735   |
|    value_loss           | 0.0248      |
-----------------------------------------
------------------------------------------
| rollout/                |              |
|    ep_len_mean          | 48.2         |
|    ep_rew_mean          | -4.09        |
| time/                   |              |
|    fps                  | 363          |
|    iterations           | 74           |
|    time_elapsed         | 1668         |
|    total_timesteps      | 606208       |
| train/                  |              |
|    approx_kl            | 0.0041523636 |
|    clip_fraction        | 0.0266       |
|    clip_range           | 0.2          |
|    entropy_loss         | -0.824       |
|    explained_variance   | 0.798        |
|    learning_rate        | 0.0003       |
|    loss                 | 0.00101      |
|    n_updates            | 730          |
|    policy_gradient_loss | 9.17e-05     |
|    value_loss           | 0.0324       |
------------------------------------------
-----------------------------------------
| rollout/                |             |
|    ep_len_mean          | 41.9        |
|    ep_rew_mean          | -3.19       |
| time/                   |             |
|    fps                  | 363         |
|    iterations           | 75          |
|    time_elapsed         | 1688        |
|    total_timesteps      | 614400      |
| train/                  |             |
|    approx_kl            | 0.006979147 |
|    clip_fraction        | 0.0416      |
|    clip_range           | 0.2         |
|    entropy_loss         | -0.882      |
|    explained_variance   | 0.531       |
|    learning_rate        | 0.0003      |
|    loss                 | 0.0102      |
|    n_updates            | 740         |
|    policy_gradient_loss | 0.00119     |
|    value_loss           | 0.0512      |
-----------------------------------------
-----------------------------------------
| rollout/                |             |
|    ep_len_mean          | 36.6        |
|    ep_rew_mean          | -3.56       |
| time/                   |             |
|    fps                  | 363         |
|    iterations           | 76          |
|    time_elapsed         | 1711        |
|    total_timesteps      | 622592      |
| train/                  |             |
|    approx_kl            | 0.007969663 |
|    clip_fraction        | 0.047       |
|    clip_range           | 0.2         |
|    entropy_loss         | -0.816      |
|    explained_variance   | 0.774       |
|    learning_rate        | 0.0003      |
|    loss                 | 0.00834     |
|    n_updates            | 750         |
|    policy_gradient_loss | 0.000271    |
|    value_loss           | 0.0235      |
-----------------------------------------
-----------------------------------------
| rollout/                |             |
|    ep_len_mean          | 51.2        |
|    ep_rew_mean          | -4.87       |
| time/                   |             |
|    fps                  | 364         |
|    iterations           | 77          |
|    time_elapsed         | 1731        |
|    total_timesteps      | 630784      |
| train/                  |             |
|    approx_kl            | 0.004896594 |
|    clip_fraction        | 0.0272      |
|    clip_range           | 0.2         |
|    entropy_loss         | -0.775      |
|    explained_variance   | 0.767       |
|    learning_rate        | 0.0003      |
|    loss                 | -0.021      |
|    n_updates            | 760         |
|    policy_gradient_loss | 0.00122     |
|    value_loss           | 0.0322      |
-----------------------------------------
------------------------------------------
| rollout/                |              |
|    ep_len_mean          | 30.5         |
|    ep_rew_mean          | -2.51        |
| time/                   |              |
|    fps                  | 364          |
|    iterations           | 78           |
|    time_elapsed         | 1751         |
|    total_timesteps      | 638976       |
| train/                  |              |
|    approx_kl            | 0.0066662775 |
|    clip_fraction        | 0.0861       |
|    clip_range           | 0.2          |
|    entropy_loss         | -0.787       |
|    explained_variance   | 0.843        |
|    learning_rate        | 0.0003       |
|    loss                 | 0.0048       |
|    n_updates            | 770          |
|    policy_gradient_loss | -0.00177     |
|    value_loss           | 0.0198       |
------------------------------------------
-----------------------------------------
| rollout/                |             |
|    ep_len_mean          | 27.7        |
|    ep_rew_mean          | -2.44       |
| time/                   |             |
|    fps                  | 364         |
|    iterations           | 79          |
|    time_elapsed         | 1773        |
|    total_timesteps      | 647168      |
| train/                  |             |
|    approx_kl            | 0.022574488 |
|    clip_fraction        | 0.0815      |
|    clip_range           | 0.2         |
|    entropy_loss         | -0.842      |
|    explained_variance   | 0.807       |
|    learning_rate        | 0.0003      |
|    loss                 | -0.0332     |
|    n_updates            | 780         |
|    policy_gradient_loss | -0.00807    |
|    value_loss           | 0.0266      |
-----------------------------------------
-----------------------------------------
| rollout/                |             |
|    ep_len_mean          | 24.6        |
|    ep_rew_mean          | -3.33       |
| time/                   |             |
|    fps                  | 365         |
|    iterations           | 80          |
|    time_elapsed         | 1793        |
|    total_timesteps      | 655360      |
| train/                  |             |
|    approx_kl            | 0.009305898 |
|    clip_fraction        | 0.0585      |
|    clip_range           | 0.2         |
|    entropy_loss         | -0.755      |
|    explained_variance   | 0.603       |
|    learning_rate        | 0.0003      |
|    loss                 | -0.0131     |
|    n_updates            | 790         |
|    policy_gradient_loss | 0.00161     |
|    value_loss           | 0.0415      |
-----------------------------------------
------------------------------------------
| rollout/                |              |
|    ep_len_mean          | 48.8         |
|    ep_rew_mean          | -3.51        |
| time/                   |              |
|    fps                  | 365          |
|    iterations           | 81           |
|    time_elapsed         | 1813         |
|    total_timesteps      | 663552       |
| train/                  |              |
|    approx_kl            | 0.0059098117 |
|    clip_fraction        | 0.0401       |
|    clip_range           | 0.2          |
|    entropy_loss         | -0.806       |
|    explained_variance   | 0.656        |
|    learning_rate        | 0.0003       |
|    loss                 | 0.0179       |
|    n_updates            | 800          |
|    policy_gradient_loss | 0.000581     |
|    value_loss           | 0.0508       |
------------------------------------------
-----------------------------------------
| rollout/                |             |
|    ep_len_mean          | 33.8        |
|    ep_rew_mean          | -4.1        |
| time/                   |             |
|    fps                  | 366         |
|    iterations           | 82          |
|    time_elapsed         | 1832        |
|    total_timesteps      | 671744      |
| train/                  |             |
|    approx_kl            | 0.004021911 |
|    clip_fraction        | 0.0283      |
|    clip_range           | 0.2         |
|    entropy_loss         | -0.806      |
|    explained_variance   | 0.73        |
|    learning_rate        | 0.0003      |
|    loss                 | 0.000199    |
|    n_updates            | 810         |
|    policy_gradient_loss | 0.000857    |
|    value_loss           | 0.033       |
-----------------------------------------
------------------------------------------
| rollout/                |              |
|    ep_len_mean          | 37.2         |
|    ep_rew_mean          | -4.07        |
| time/                   |              |
|    fps                  | 367          |
|    iterations           | 83           |
|    time_elapsed         | 1852         |
|    total_timesteps      | 679936       |
| train/                  |              |
|    approx_kl            | 0.0138527695 |
|    clip_fraction        | 0.0442       |
|    clip_range           | 0.2          |
|    entropy_loss         | -0.906       |
|    explained_variance   | 0.803        |
|    learning_rate        | 0.0003       |
|    loss                 | 0.0145       |
|    n_updates            | 820          |
|    policy_gradient_loss | 0.00808      |
|    value_loss           | 0.0339       |
------------------------------------------
-----------------------------------------
| rollout/                |             |
|    ep_len_mean          | 43.6        |
|    ep_rew_mean          | -4.64       |
| time/                   |             |
|    fps                  | 367         |
|    iterations           | 84          |
|    time_elapsed         | 1872        |
|    total_timesteps      | 688128      |
| train/                  |             |
|    approx_kl            | 0.006732191 |
|    clip_fraction        | 0.0519      |
|    clip_range           | 0.2         |
|    entropy_loss         | -0.963      |
|    explained_variance   | 0.747       |
|    learning_rate        | 0.0003      |
|    loss                 | -0.00832    |
|    n_updates            | 830         |
|    policy_gradient_loss | 0.000546    |
|    value_loss           | 0.0387      |
-----------------------------------------
-----------------------------------------
| rollout/                |             |
|    ep_len_mean          | 25.9        |
|    ep_rew_mean          | -3.67       |
| time/                   |             |
|    fps                  | 367         |
|    iterations           | 85          |
|    time_elapsed         | 1895        |
|    total_timesteps      | 696320      |
| train/                  |             |
|    approx_kl            | 0.006910939 |
|    clip_fraction        | 0.0428      |
|    clip_range           | 0.2         |
|    entropy_loss         | -0.894      |
|    explained_variance   | 0.8         |
|    learning_rate        | 0.0003      |
|    loss                 | 0.0335      |
|    n_updates            | 840         |
|    policy_gradient_loss | 0.000416    |
|    value_loss           | 0.0306      |
-----------------------------------------
------------------------------------------
| rollout/                |              |
|    ep_len_mean          | 21.6         |
|    ep_rew_mean          | -2.54        |
| time/                   |              |
|    fps                  | 367          |
|    iterations           | 86           |
|    time_elapsed         | 1915         |
|    total_timesteps      | 704512       |
| train/                  |              |
|    approx_kl            | 0.0069533493 |
|    clip_fraction        | 0.0434       |
|    clip_range           | 0.2          |
|    entropy_loss         | -0.871       |
|    explained_variance   | 0.766        |
|    learning_rate        | 0.0003       |
|    loss                 | 0.0165       |
|    n_updates            | 850          |
|    policy_gradient_loss | -0.000198    |
|    value_loss           | 0.0556       |
------------------------------------------
------------------------------------------
| rollout/                |              |
|    ep_len_mean          | 33.5         |
|    ep_rew_mean          | -3.82        |
| time/                   |              |
|    fps                  | 368          |
|    iterations           | 87           |
|    time_elapsed         | 1935         |
|    total_timesteps      | 712704       |
| train/                  |              |
|    approx_kl            | 0.0045119445 |
|    clip_fraction        | 0.037        |
|    clip_range           | 0.2          |
|    entropy_loss         | -0.931       |
|    explained_variance   | 0.813        |
|    learning_rate        | 0.0003       |
|    loss                 | 0.0811       |
|    n_updates            | 860          |
|    policy_gradient_loss | -0.000204    |
|    value_loss           | 0.0512       |
------------------------------------------
------------------------------------------
| rollout/                |              |
|    ep_len_mean          | 25.5         |
|    ep_rew_mean          | -2.25        |
| time/                   |              |
|    fps                  | 368          |
|    iterations           | 88           |
|    time_elapsed         | 1955         |
|    total_timesteps      | 720896       |
| train/                  |              |
|    approx_kl            | 0.0052406853 |
|    clip_fraction        | 0.0365       |
|    clip_range           | 0.2          |
|    entropy_loss         | -0.908       |
|    explained_variance   | 0.844        |
|    learning_rate        | 0.0003       |
|    loss                 | -0.00363     |
|    n_updates            | 870          |
|    policy_gradient_loss | -0.000333    |
|    value_loss           | 0.0338       |
------------------------------------------
------------------------------------------
| rollout/                |              |
|    ep_len_mean          | 21.5         |
|    ep_rew_mean          | -2.59        |
| time/                   |              |
|    fps                  | 368          |
|    iterations           | 89           |
|    time_elapsed         | 1980         |
|    total_timesteps      | 729088       |
| train/                  |              |
|    approx_kl            | 0.0059227217 |
|    clip_fraction        | 0.0456       |
|    clip_range           | 0.2          |
|    entropy_loss         | -0.851       |
|    explained_variance   | 0.553        |
|    learning_rate        | 0.0003       |
|    loss                 | 0.0269       |
|    n_updates            | 880          |
|    policy_gradient_loss | 0.000355     |
|    value_loss           | 0.0732       |
------------------------------------------
------------------------------------------
| rollout/                |              |
|    ep_len_mean          | 21.7         |
|    ep_rew_mean          | -4.26        |
| time/                   |              |
|    fps                  | 368          |
|    iterations           | 90           |
|    time_elapsed         | 2001         |
|    total_timesteps      | 737280       |
| train/                  |              |
|    approx_kl            | 0.0061096842 |
|    clip_fraction        | 0.0426       |
|    clip_range           | 0.2          |
|    entropy_loss         | -0.86        |
|    explained_variance   | 0.785        |
|    learning_rate        | 0.0003       |
|    loss                 | -0.000247    |
|    n_updates            | 890          |
|    policy_gradient_loss | 0.00187      |
|    value_loss           | 0.0389       |
------------------------------------------
------------------------------------------
| rollout/                |              |
|    ep_len_mean          | 40.5         |
|    ep_rew_mean          | -4.8         |
| time/                   |              |
|    fps                  | 368          |
|    iterations           | 91           |
|    time_elapsed         | 2021         |
|    total_timesteps      | 745472       |
| train/                  |              |
|    approx_kl            | 0.0069970083 |
|    clip_fraction        | 0.0439       |
|    clip_range           | 0.2          |
|    entropy_loss         | -0.879       |
|    explained_variance   | 0.53         |
|    learning_rate        | 0.0003       |
|    loss                 | 0.0499       |
|    n_updates            | 900          |
|    policy_gradient_loss | 1.18e-05     |
|    value_loss           | 0.0952       |
------------------------------------------
------------------------------------------
| rollout/                |              |
|    ep_len_mean          | 28.2         |
|    ep_rew_mean          | -3.26        |
| time/                   |              |
|    fps                  | 369          |
|    iterations           | 92           |
|    time_elapsed         | 2042         |
|    total_timesteps      | 753664       |
| train/                  |              |
|    approx_kl            | 0.0064046457 |
|    clip_fraction        | 0.0448       |
|    clip_range           | 0.2          |
|    entropy_loss         | -0.922       |
|    explained_variance   | 0.538        |
|    learning_rate        | 0.0003       |
|    loss                 | 0.0207       |
|    n_updates            | 910          |
|    policy_gradient_loss | 0.00105      |
|    value_loss           | 0.0698       |
------------------------------------------
-----------------------------------------
| rollout/                |             |
|    ep_len_mean          | 22.1        |
|    ep_rew_mean          | -3.13       |
| time/                   |             |
|    fps                  | 369         |
|    iterations           | 93          |
|    time_elapsed         | 2061        |
|    total_timesteps      | 761856      |
| train/                  |             |
|    approx_kl            | 0.005595656 |
|    clip_fraction        | 0.0409      |
|    clip_range           | 0.2         |
|    entropy_loss         | -0.881      |
|    explained_variance   | 0.799       |
|    learning_rate        | 0.0003      |
|    loss                 | 0.0239      |
|    n_updates            | 920         |
|    policy_gradient_loss | 0.00153     |
|    value_loss           | 0.0461      |
-----------------------------------------
-----------------------------------------
| rollout/                |             |
|    ep_len_mean          | 48.5        |
|    ep_rew_mean          | -3.58       |
| time/                   |             |
|    fps                  | 370         |
|    iterations           | 94          |
|    time_elapsed         | 2080        |
|    total_timesteps      | 770048      |
| train/                  |             |
|    approx_kl            | 0.008558786 |
|    clip_fraction        | 0.0553      |
|    clip_range           | 0.2         |
|    entropy_loss         | -0.871      |
|    explained_variance   | 0.696       |
|    learning_rate        | 0.0003      |
|    loss                 | -0.0318     |
|    n_updates            | 930         |
|    policy_gradient_loss | -0.000428   |
|    value_loss           | 0.0481      |
-----------------------------------------
------------------------------------------
| rollout/                |              |
|    ep_len_mean          | 35           |
|    ep_rew_mean          | -4.9         |
| time/                   |              |
|    fps                  | 369          |
|    iterations           | 95           |
|    time_elapsed         | 2103         |
|    total_timesteps      | 778240       |
| train/                  |              |
|    approx_kl            | 0.0041179974 |
|    clip_fraction        | 0.0463       |
|    clip_range           | 0.2          |
|    entropy_loss         | -0.931       |
|    explained_variance   | 0.738        |
|    learning_rate        | 0.0003       |
|    loss                 | 0.0321       |
|    n_updates            | 940          |
|    policy_gradient_loss | -0.000405    |
|    value_loss           | 0.0396       |
------------------------------------------
-----------------------------------------
| rollout/                |             |
|    ep_len_mean          | 37.3        |
|    ep_rew_mean          | -3.77       |
| time/                   |             |
|    fps                  | 370         |
|    iterations           | 96          |
|    time_elapsed         | 2121        |
|    total_timesteps      | 786432      |
| train/                  |             |
|    approx_kl            | 0.006833719 |
|    clip_fraction        | 0.0384      |
|    clip_range           | 0.2         |
|    entropy_loss         | -0.936      |
|    explained_variance   | 0.631       |
|    learning_rate        | 0.0003      |
|    loss                 | -0.00224    |
|    n_updates            | 950         |
|    policy_gradient_loss | -0.000453   |
|    value_loss           | 0.0412      |
-----------------------------------------
--------------------------------------
| rollout/                |          |
|    ep_len_mean          | 46.5     |
|    ep_rew_mean          | -4.91    |
| time/                   |          |
|    fps                  | 371      |
|    iterations           | 97       |
|    time_elapsed         | 2141     |
|    total_timesteps      | 794624   |
| train/                  |          |
|    approx_kl            | 0.005276 |
|    clip_fraction        | 0.0413   |
|    clip_range           | 0.2      |
|    entropy_loss         | -0.918   |
|    explained_variance   | 0.73     |
|    learning_rate        | 0.0003   |
|    loss                 | 0.00715  |
|    n_updates            | 960      |
|    policy_gradient_loss | 0.00057  |
|    value_loss           | 0.0407   |
--------------------------------------
-----------------------------------------
| rollout/                |             |
|    ep_len_mean          | 27.3        |
|    ep_rew_mean          | -2.44       |
| time/                   |             |
|    fps                  | 371         |
|    iterations           | 98          |
|    time_elapsed         | 2161        |
|    total_timesteps      | 802816      |
| train/                  |             |
|    approx_kl            | 0.007334361 |
|    clip_fraction        | 0.0638      |
|    clip_range           | 0.2         |
|    entropy_loss         | -0.915      |
|    explained_variance   | 0.639       |
|    learning_rate        | 0.0003      |
|    loss                 | -0.00257    |
|    n_updates            | 970         |
|    policy_gradient_loss | 0.00346     |
|    value_loss           | 0.0431      |
-----------------------------------------
------------------------------------------
| rollout/                |              |
|    ep_len_mean          | 42.9         |
|    ep_rew_mean          | -4.13        |
| time/                   |              |
|    fps                  | 371          |
|    iterations           | 99           |
|    time_elapsed         | 2181         |
|    total_timesteps      | 811008       |
| train/                  |              |
|    approx_kl            | 0.0035786019 |
|    clip_fraction        | 0.0243       |
|    clip_range           | 0.2          |
|    entropy_loss         | -0.91        |
|    explained_variance   | 0.739        |
|    learning_rate        | 0.0003       |
|    loss                 | 0.0109       |
|    n_updates            | 980          |
|    policy_gradient_loss | 0.00106      |
|    value_loss           | 0.0453       |
------------------------------------------
------------------------------------------
| rollout/                |              |
|    ep_len_mean          | 28           |
|    ep_rew_mean          | -2.4         |
| time/                   |              |
|    fps                  | 372          |
|    iterations           | 100          |
|    time_elapsed         | 2200         |
|    total_timesteps      | 819200       |
| train/                  |              |
|    approx_kl            | 0.0076402705 |
|    clip_fraction        | 0.0231       |
|    clip_range           | 0.2          |
|    entropy_loss         | -0.92        |
|    explained_variance   | 0.748        |
|    learning_rate        | 0.0003       |
|    loss                 | 0.0242       |
|    n_updates            | 990          |
|    policy_gradient_loss | 0.000803     |
|    value_loss           | 0.0485       |
------------------------------------------
-----------------------------------------
| rollout/                |             |
|    ep_len_mean          | 28.9        |
|    ep_rew_mean          | -3.67       |
| time/                   |             |
|    fps                  | 372         |
|    iterations           | 101         |
|    time_elapsed         | 2222        |
|    total_timesteps      | 827392      |
| train/                  |             |
|    approx_kl            | 0.005845023 |
|    clip_fraction        | 0.0499      |
|    clip_range           | 0.2         |
|    entropy_loss         | -0.942      |
|    explained_variance   | 0.763       |
|    learning_rate        | 0.0003      |
|    loss                 | -0.0118     |
|    n_updates            | 1000        |
|    policy_gradient_loss | -0.00136    |
|    value_loss           | 0.0316      |
-----------------------------------------
-----------------------------------------
| rollout/                |             |
|    ep_len_mean          | 51.9        |
|    ep_rew_mean          | -4.41       |
| time/                   |             |
|    fps                  | 372         |
|    iterations           | 102         |
|    time_elapsed         | 2240        |
|    total_timesteps      | 835584      |
| train/                  |             |
|    approx_kl            | 0.010148825 |
|    clip_fraction        | 0.0495      |
|    clip_range           | 0.2         |
|    entropy_loss         | -0.901      |
|    explained_variance   | 0.268       |
|    learning_rate        | 0.0003      |
|    loss                 | 0.0818      |
|    n_updates            | 1010        |
|    policy_gradient_loss | -0.00109    |
|    value_loss           | 0.121       |
-----------------------------------------
------------------------------------------
| rollout/                |              |
|    ep_len_mean          | 42.9         |
|    ep_rew_mean          | -4.18        |
| time/                   |              |
|    fps                  | 373          |
|    iterations           | 103          |
|    time_elapsed         | 2259         |
|    total_timesteps      | 843776       |
| train/                  |              |
|    approx_kl            | 0.0047914796 |
|    clip_fraction        | 0.0392       |
|    clip_range           | 0.2          |
|    entropy_loss         | -0.955       |
|    explained_variance   | 0.663        |
|    learning_rate        | 0.0003       |
|    loss                 | 0.000409     |
|    n_updates            | 1020         |
|    policy_gradient_loss | -0.000239    |
|    value_loss           | 0.0205       |
------------------------------------------
-----------------------------------------
| rollout/                |             |
|    ep_len_mean          | 28.3        |
|    ep_rew_mean          | -3.25       |
| time/                   |             |
|    fps                  | 373         |
|    iterations           | 104         |
|    time_elapsed         | 2279        |
|    total_timesteps      | 851968      |
| train/                  |             |
|    approx_kl            | 0.008276452 |
|    clip_fraction        | 0.0441      |
|    clip_range           | 0.2         |
|    entropy_loss         | -0.936      |
|    explained_variance   | 0.422       |
|    learning_rate        | 0.0003      |
|    loss                 | 0.009       |
|    n_updates            | 1030        |
|    policy_gradient_loss | -0.000579   |
|    value_loss           | 0.0401      |
-----------------------------------------
-----------------------------------------
| rollout/                |             |
|    ep_len_mean          | 37.6        |
|    ep_rew_mean          | -3.88       |
| time/                   |             |
|    fps                  | 374         |
|    iterations           | 105         |
|    time_elapsed         | 2298        |
|    total_timesteps      | 860160      |
| train/                  |             |
|    approx_kl            | 0.043703213 |
|    clip_fraction        | 0.0877      |
|    clip_range           | 0.2         |
|    entropy_loss         | -1.01       |
|    explained_variance   | 0.596       |
|    learning_rate        | 0.0003      |
|    loss                 | 0.302       |
|    n_updates            | 1040        |
|    policy_gradient_loss | 0.0312      |
|    value_loss           | 0.0384      |
-----------------------------------------
------------------------------------------
| rollout/                |              |
|    ep_len_mean          | 51.1         |
|    ep_rew_mean          | -4.76        |
| time/                   |              |
|    fps                  | 374          |
|    iterations           | 106          |
|    time_elapsed         | 2318         |
|    total_timesteps      | 868352       |
| train/                  |              |
|    approx_kl            | 0.0055125593 |
|    clip_fraction        | 0.054        |
|    clip_range           | 0.2          |
|    entropy_loss         | -0.99        |
|    explained_variance   | 0.443        |
|    learning_rate        | 0.0003       |
|    loss                 | 0.0147       |
|    n_updates            | 1050         |
|    policy_gradient_loss | 6.91e-05     |
|    value_loss           | 0.0729       |
------------------------------------------
-----------------------------------------
| rollout/                |             |
|    ep_len_mean          | 43.7        |
|    ep_rew_mean          | -6.04       |
| time/                   |             |
|    fps                  | 374         |
|    iterations           | 107         |
|    time_elapsed         | 2338        |
|    total_timesteps      | 876544      |
| train/                  |             |
|    approx_kl            | 0.011194132 |
|    clip_fraction        | 0.0589      |
|    clip_range           | 0.2         |
|    entropy_loss         | -0.933      |
|    explained_variance   | 0.655       |
|    learning_rate        | 0.0003      |
|    loss                 | 0.00805     |
|    n_updates            | 1060        |
|    policy_gradient_loss | -0.00163    |
|    value_loss           | 0.0283      |
-----------------------------------------
----------------------------------------
| rollout/                |            |
|    ep_len_mean          | 57.4       |
|    ep_rew_mean          | -3.89      |
| time/                   |            |
|    fps                  | 375        |
|    iterations           | 108        |
|    time_elapsed         | 2357       |
|    total_timesteps      | 884736     |
| train/                  |            |
|    approx_kl            | 0.01612829 |
|    clip_fraction        | 0.0929     |
|    clip_range           | 0.2        |
|    entropy_loss         | -0.948     |
|    explained_variance   | 0.463      |
|    learning_rate        | 0.0003     |
|    loss                 | -0.00533   |
|    n_updates            | 1070       |
|    policy_gradient_loss | -0.00248   |
|    value_loss           | 0.1        |
----------------------------------------
-----------------------------------------
| rollout/                |             |
|    ep_len_mean          | 44.6        |
|    ep_rew_mean          | -4.01       |
| time/                   |             |
|    fps                  | 375         |
|    iterations           | 109         |
|    time_elapsed         | 2377        |
|    total_timesteps      | 892928      |
| train/                  |             |
|    approx_kl            | 0.005933609 |
|    clip_fraction        | 0.0514      |
|    clip_range           | 0.2         |
|    entropy_loss         | -0.867      |
|    explained_variance   | 0.492       |
|    learning_rate        | 0.0003      |
|    loss                 | 0.0287      |
|    n_updates            | 1080        |
|    policy_gradient_loss | -0.000491   |
|    value_loss           | 0.042       |
-----------------------------------------
-----------------------------------------
| rollout/                |             |
|    ep_len_mean          | 48.9        |
|    ep_rew_mean          | -5.27       |
| time/                   |             |
|    fps                  | 375         |
|    iterations           | 110         |
|    time_elapsed         | 2397        |
|    total_timesteps      | 901120      |
| train/                  |             |
|    approx_kl            | 0.028836556 |
|    clip_fraction        | 0.0912      |
|    clip_range           | 0.2         |
|    entropy_loss         | -0.943      |
|    explained_variance   | 0.637       |
|    learning_rate        | 0.0003      |
|    loss                 | -0.00952    |
|    n_updates            | 1090        |
|    policy_gradient_loss | 0.0145      |
|    value_loss           | 0.0474      |
-----------------------------------------
------------------------------------------
| rollout/                |              |
|    ep_len_mean          | 46.5         |
|    ep_rew_mean          | -4.62        |
| time/                   |              |
|    fps                  | 376          |
|    iterations           | 111          |
|    time_elapsed         | 2417         |
|    total_timesteps      | 909312       |
| train/                  |              |
|    approx_kl            | 0.0048126397 |
|    clip_fraction        | 0.0483       |
|    clip_range           | 0.2          |
|    entropy_loss         | -0.952       |
|    explained_variance   | 0.436        |
|    learning_rate        | 0.0003       |
|    loss                 | -0.00735     |
|    n_updates            | 1100         |
|    policy_gradient_loss | -0.0018      |
|    value_loss           | 0.0953       |
------------------------------------------
------------------------------------------
| rollout/                |              |
|    ep_len_mean          | 28.6         |
|    ep_rew_mean          | -2.86        |
| time/                   |              |
|    fps                  | 376          |
|    iterations           | 112          |
|    time_elapsed         | 2436         |
|    total_timesteps      | 917504       |
| train/                  |              |
|    approx_kl            | 0.0068196272 |
|    clip_fraction        | 0.0535       |
|    clip_range           | 0.2          |
|    entropy_loss         | -0.922       |
|    explained_variance   | 0.751        |
|    learning_rate        | 0.0003       |
|    loss                 | -0.000795    |
|    n_updates            | 1110         |
|    policy_gradient_loss | 0.000328     |
|    value_loss           | 0.0429       |
------------------------------------------
----------------------------------------
| rollout/                |            |
|    ep_len_mean          | 39.2       |
|    ep_rew_mean          | -4.6       |
| time/                   |            |
|    fps                  | 376        |
|    iterations           | 113        |
|    time_elapsed         | 2455       |
|    total_timesteps      | 925696     |
| train/                  |            |
|    approx_kl            | 0.00766103 |
|    clip_fraction        | 0.0817     |
|    clip_range           | 0.2        |
|    entropy_loss         | -0.976     |
|    explained_variance   | 0.654      |
|    learning_rate        | 0.0003     |
|    loss                 | 0.0406     |
|    n_updates            | 1120       |
|    policy_gradient_loss | -0.00226   |
|    value_loss           | 0.202      |
----------------------------------------
------------------------------------------
| rollout/                |              |
|    ep_len_mean          | 27.4         |
|    ep_rew_mean          | -3.06        |
| time/                   |              |
|    fps                  | 377          |
|    iterations           | 114          |
|    time_elapsed         | 2475         |
|    total_timesteps      | 933888       |
| train/                  |              |
|    approx_kl            | 0.0059843003 |
|    clip_fraction        | 0.0597       |
|    clip_range           | 0.2          |
|    entropy_loss         | -0.96        |
|    explained_variance   | 0.778        |
|    learning_rate        | 0.0003       |
|    loss                 | 0.0628       |
|    n_updates            | 1130         |
|    policy_gradient_loss | -0.00184     |
|    value_loss           | 0.131        |
------------------------------------------
-----------------------------------------
| rollout/                |             |
|    ep_len_mean          | 48.4        |
|    ep_rew_mean          | -4.26       |
| time/                   |             |
|    fps                  | 377         |
|    iterations           | 115         |
|    time_elapsed         | 2495        |
|    total_timesteps      | 942080      |
| train/                  |             |
|    approx_kl            | 0.008202069 |
|    clip_fraction        | 0.0756      |
|    clip_range           | 0.2         |
|    entropy_loss         | -0.978      |
|    explained_variance   | 0.827       |
|    learning_rate        | 0.0003      |
|    loss                 | 0.013       |
|    n_updates            | 1140        |
|    policy_gradient_loss | -0.00351    |
|    value_loss           | 0.0803      |
-----------------------------------------
------------------------------------------
| rollout/                |              |
|    ep_len_mean          | 39.2         |
|    ep_rew_mean          | -2.92        |
| time/                   |              |
|    fps                  | 377          |
|    iterations           | 116          |
|    time_elapsed         | 2517         |
|    total_timesteps      | 950272       |
| train/                  |              |
|    approx_kl            | 0.0073374226 |
|    clip_fraction        | 0.0537       |
|    clip_range           | 0.2          |
|    entropy_loss         | -0.947       |
|    explained_variance   | 0.853        |
|    learning_rate        | 0.0003       |
|    loss                 | 0.0253       |
|    n_updates            | 1150         |
|    policy_gradient_loss | -0.000834    |
|    value_loss           | 0.0692       |
------------------------------------------
-----------------------------------------
| rollout/                |             |
|    ep_len_mean          | 58.3        |
|    ep_rew_mean          | -6.62       |
| time/                   |             |
|    fps                  | 377         |
|    iterations           | 117         |
|    time_elapsed         | 2536        |
|    total_timesteps      | 958464      |
| train/                  |             |
|    approx_kl            | 0.008603618 |
|    clip_fraction        | 0.0367      |
|    clip_range           | 0.2         |
|    entropy_loss         | -0.935      |
|    explained_variance   | 0.828       |
|    learning_rate        | 0.0003      |
|    loss                 | -0.00017    |
|    n_updates            | 1160        |
|    policy_gradient_loss | 0.000278    |
|    value_loss           | 0.0351      |
-----------------------------------------
-----------------------------------------
| rollout/                |             |
|    ep_len_mean          | 57.1        |
|    ep_rew_mean          | -6.84       |
| time/                   |             |
|    fps                  | 377         |
|    iterations           | 118         |
|    time_elapsed         | 2557        |
|    total_timesteps      | 966656      |
| train/                  |             |
|    approx_kl            | 0.008974429 |
|    clip_fraction        | 0.0399      |
|    clip_range           | 0.2         |
|    entropy_loss         | -0.938      |
|    explained_variance   | 0.888       |
|    learning_rate        | 0.0003      |
|    loss                 | -0.0255     |
|    n_updates            | 1170        |
|    policy_gradient_loss | -0.000973   |
|    value_loss           | 0.0292      |
-----------------------------------------
------------------------------------------
| rollout/                |              |
|    ep_len_mean          | 41.5         |
|    ep_rew_mean          | -4.96        |
| time/                   |              |
|    fps                  | 378          |
|    iterations           | 119          |
|    time_elapsed         | 2577         |
|    total_timesteps      | 974848       |
| train/                  |              |
|    approx_kl            | 0.0072769625 |
|    clip_fraction        | 0.0397       |
|    clip_range           | 0.2          |
|    entropy_loss         | -0.965       |
|    explained_variance   | 0.91         |
|    learning_rate        | 0.0003       |
|    loss                 | -0.0123      |
|    n_updates            | 1180         |
|    policy_gradient_loss | 0.00143      |
|    value_loss           | 0.0373       |
------------------------------------------
-----------------------------------------
| rollout/                |             |
|    ep_len_mean          | 51.8        |
|    ep_rew_mean          | -6.45       |
| time/                   |             |
|    fps                  | 378         |
|    iterations           | 120         |
|    time_elapsed         | 2596        |
|    total_timesteps      | 983040      |
| train/                  |             |
|    approx_kl            | 0.007495286 |
|    clip_fraction        | 0.0378      |
|    clip_range           | 0.2         |
|    entropy_loss         | -0.941      |
|    explained_variance   | 0.933       |
|    learning_rate        | 0.0003      |
|    loss                 | -0.00425    |
|    n_updates            | 1190        |
|    policy_gradient_loss | -0.000682   |
|    value_loss           | 0.0266      |
-----------------------------------------
------------------------------------------
| rollout/                |              |
|    ep_len_mean          | 40.5         |
|    ep_rew_mean          | -4.9         |
| time/                   |              |
|    fps                  | 378          |
|    iterations           | 121          |
|    time_elapsed         | 2617         |
|    total_timesteps      | 991232       |
| train/                  |              |
|    approx_kl            | 0.0061083455 |
|    clip_fraction        | 0.0384       |
|    clip_range           | 0.2          |
|    entropy_loss         | -0.911       |
|    explained_variance   | 0.876        |
|    learning_rate        | 0.0003       |
|    loss                 | 0.00733      |
|    n_updates            | 1200         |
|    policy_gradient_loss | -4.27e-05    |
|    value_loss           | 0.0416       |
------------------------------------------
-----------------------------------------
| rollout/                |             |
|    ep_len_mean          | 27.6        |
|    ep_rew_mean          | -3.69       |
| time/                   |             |
|    fps                  | 379         |
|    iterations           | 122         |
|    time_elapsed         | 2635        |
|    total_timesteps      | 999424      |
| train/                  |             |
|    approx_kl            | 0.004970859 |
|    clip_fraction        | 0.0291      |
|    clip_range           | 0.2         |
|    entropy_loss         | -0.89       |
|    explained_variance   | 0.916       |
|    learning_rate        | 0.0003      |
|    loss                 | -0.000811   |
|    n_updates            | 1210        |
|    policy_gradient_loss | 0.00034     |
|    value_loss           | 0.028       |
-----------------------------------------
-----------------------------------------
| rollout/                |             |
|    ep_len_mean          | 52.4        |
|    ep_rew_mean          | -5.56       |
| time/                   |             |
|    fps                  | 379         |
|    iterations           | 123         |
|    time_elapsed         | 2656        |
|    total_timesteps      | 1007616     |
| train/                  |             |
|    approx_kl            | 0.006566045 |
|    clip_fraction        | 0.0316      |
|    clip_range           | 0.2         |
|    entropy_loss         | -0.845      |
|    explained_variance   | 0.81        |
|    learning_rate        | 0.0003      |
|    loss                 | 0.00657     |
|    n_updates            | 1220        |
|    policy_gradient_loss | 0.000825    |
|    value_loss           | 0.0521      |
-----------------------------------------
Saved policy to models\ppo_gate_window_seed2_v3.zip
